timestamp,frame_id,product_id,variant,sensor_source,sensor_name,component,rpm,torque_nm,air_temp_c,process_temp_c,temp_diff_c,tool_wear_min,frequency_hz,decibels,is_anomaly,failure_type
2026-09-07T08:00:00Z,1,UNIT-0001,M,SENSOR_TELEMETRY_BUS,Standard Vehicle Telemetry Bus,All Systems Nominal,2336.08,36.84,26.64,35.9,9.87,55,456.29,63.61,0,normal
2026-09-07T08:00:01Z,2,UNIT-0002,M,SENSOR_TELEMETRY_BUS,Standard Vehicle Telemetry Bus,All Systems Nominal,1417.33,43.65,26.97,37.49,10.55,127,264.51,60.85,0,normal
2026-09-07T08:00:02Z,3,UNIT-0003,M,SENSOR_TELEMETRY_BUS,Standard Vehicle Telemetry Bus,All Systems Nominal,1665.16,37.72,26.13,35.5,10.04,108,335.84,63.02,0,normal
2026-09-07T08:00:03Z,4,UNIT-0004,M,SENSOR_TELEMETRY_BUS,Standard Vehicle Telemetry Bus,All Systems Nominal,2082.31,48.9,25.31,34.81,9.79,37,392.88,63.54,0,normal
2026-09-07T08:00:04Z,5,UNIT-0005,M,SENSOR_TELEMETRY_BUS,Standard Vehicle Telemetry Bus,All Systems Nominal,1628.3,39.13,25.22,35.9,10.51,194,352.34,62.05,0,normal
2026-09-07T08:00:05Z,6,UNIT-0006,M,SENSOR_TELEMETRY_BUS,Standard Vehicle Telemetry Bus,All Systems Nominal,2084.5,38.96,25.18,36.77,10.65,34,424.6,60.85,0,normal
2026-09-07T08:00:06Z,7,UNIT-0007,M,SENSOR_TELEMETRY_BUS,Standard Vehicle Telemetry Bus,All Systems Nominal,2305.65,43.36,27.25,38.22,10.46,56,446.07,62.39,0,normal
2026-09-07T08:00:07Z,8,UNIT-0008,M,SENSOR_TELEMETRY_BUS,Standard Vehicle Telemetry Bus,All Systems Nominal,1530.97,44.41,24.66,34.48,9.57,48,289.17,60.0,0,normal
2026-09-07T08:00:08Z,9,UNIT-0009,M,SENSOR_TELEMETRY_BUS,Standard Vehicle Telemetry Bus,All Systems Nominal,2122.56,49.3,24.33,34.64,10.58,194,413.77,65.27,0,normal
2026-09-07T08:00:09Z,10,UNIT-0010,M,SENSOR_TELEMETRY_BUS,Standard Vehicle Telemetry Bus,All Systems Nominal,2312.78,40.48,25.64,36.15,9.77,47,476.67,63.5,0,normal
2026-09-07T08:00:10Z,11,UNIT-0011,M,SENSOR_THERMAL_BLOCK,Coolant Loop Temperature Sensor,Thermal Cooling Loop,1216.01,45.23,28.31,42.35,14.04,54,1145.98,74.47,1,heat_dissipation_failure
2026-09-07T08:00:11Z,12,UNIT-0012,M,SENSOR_THERMAL_BLOCK,Coolant Loop Temperature Sensor,Thermal Cooling Loop,1215.96,45.24,28.43,42.54,14.11,54,1145.9,74.31,1,heat_dissipation_failure
2026-09-07T08:00:12Z,13,UNIT-0013,M,SENSOR_THERMAL_BLOCK,Coolant Loop Temperature Sensor,Thermal Cooling Loop,1216.05,45.38,28.28,42.45,14.17,54,1145.85,74.47,1,heat_dissipation_failure
2026-09-07T08:00:13Z,14,UNIT-0014,M,SENSOR_TELEMETRY_BUS,Standard Vehicle Telemetry Bus,All Systems Nominal,1812.36,51.04,27.72,37.85,10.63,71,359.21,61.9,0,normal
2026-09-07T08:00:14Z,15,UNIT-0015,M,SENSOR_TELEMETRY_BUS,Standard Vehicle Telemetry Bus,All Systems Nominal,1375.77,44.14,25.02,35.04,9.83,38,281.91,60.06,0,normal
2026-09-07T08:00:15Z,16,UNIT-0016,M,SENSOR_TELEMETRY_BUS,Standard Vehicle Telemetry Bus,All Systems Nominal,2092.19,37.19,27.48,37.44,10.36,141,406.06,63.41,0,normal
2026-09-07T08:00:16Z,17,UNIT-0017,M,SENSOR_TELEMETRY_BUS,Standard Vehicle Telemetry Bus,All Systems Nominal,1378.12,45.91,27.49,36.57,9.65,123,279.95,62.41,0,normal
2026-09-07T08:00:17Z,18,UNIT-0018,M,SENSOR_TELEMETRY_BUS,Standard Vehicle Telemetry Bus,All Systems Nominal,1372.83,42.04,27.36,37.02,10.33,32,283.42,61.25,0,normal
2026-09-07T08:00:18Z,19,UNIT-0019,M,SENSOR_TELEMETRY_BUS,Standard Vehicle Telemetry Bus,All Systems Nominal,1796.76,50.21,25.45,35.18,9.5,119,352.56,64.56,0,normal
2026-09-07T08:00:19Z,20,UNIT-0020,M,SENSOR_TELEMETRY_BUS,Standard Vehicle Telemetry Bus,All Systems Nominal,1492.65,38.98,25.58,34.78,9.59,158,273.71,60.52,0,normal
2026-09-07T08:00:20Z,21,UNIT-0021,M,SENSOR_TELEMETRY_BUS,Standard Vehicle Telemetry Bus,All Systems Nominal,1504.57,37.31,24.82,35.38,10.79,123,291.22,62.06,0,normal
2026-09-07T08:00:21Z,22,UNIT-0022,M,SENSOR_TELEMETRY_BUS,Standard Vehicle Telemetry Bus,All Systems Nominal,1647.18,40.28,27.11,35.79,9.86,121,319.02,62.06,0,normal
2026-09-07T08:00:22Z,23,UNIT-0023,M,SENSOR_TELEMETRY_BUS,Standard Vehicle Telemetry Bus,All Systems Nominal,1392.69,36.41,25.48,35.32,9.9,109,298.5,62.8,0,normal
2026-09-07T08:00:23Z,24,UNIT-0024,M,SENSOR_TELEMETRY_BUS,Standard Vehicle Telemetry Bus,All Systems Nominal,2278.33,45.5,26.76,36.33,10.33,189,434.41,64.25,0,normal
2026-09-07T08:00:24Z,25,UNIT-0025,M,SENSOR_TELEMETRY_BUS,Standard Vehicle Telemetry Bus,All Systems Nominal,1620.35,39.57,26.75,35.64,9.9,145,314.67,61.68,0,normal
2026-09-07T08:00:25Z,26,UNIT-0026,M,SENSOR_TELEMETRY_BUS,Standard Vehicle Telemetry Bus,All Systems Nominal,1675.29,39.52,25.87,36.87,10.56,163,312.96,59.25,0,normal
2026-09-07T08:00:26Z,27,UNIT-0027,M,SENSOR_TELEMETRY_BUS,Standard Vehicle Telemetry Bus,All Systems Nominal,1504.77,35.8,25.88,37.05,10.9,30,317.0,60.19,0,normal
2026-09-07T08:00:27Z,28,UNIT-0028,M,SENSOR_TELEMETRY_BUS,Standard Vehicle Telemetry Bus,All Systems Nominal,1534.38,50.3,25.64,35.38,9.74,65,330.92,61.76,0,normal
2026-09-07T08:00:28Z,29,UNIT-0029,M,SENSOR_TELEMETRY_BUS,Standard Vehicle Telemetry Bus,All Systems Nominal,1670.89,38.46,26.4,37.11,10.07,29,334.92,59.35,0,normal
2026-09-07T08:00:29Z,30,UNIT-0030,M,SENSOR_TELEMETRY_BUS,Standard Vehicle Telemetry Bus,All Systems Nominal,1530.91,43.25,25.16,34.28,9.6,91,309.24,60.91,0,normal
2026-09-07T08:00:30Z,31,UNIT-0031,M,SENSOR_TELEMETRY_BUS,Standard Vehicle Telemetry Bus,All Systems Nominal,2094.66,52.89,24.91,35.52,9.66,131,400.98,63.82,0,normal
2026-09-07T08:00:31Z,32,UNIT-0032,M,SENSOR_TELEMETRY_BUS,Standard Vehicle Telemetry Bus,All Systems Nominal,1832.32,36.94,27.41,37.83,10.31,191,334.84,62.28,0,normal
2026-09-07T08:00:32Z,33,UNIT-0033,M,SENSOR_TELEMETRY_BUS,Standard Vehicle Telemetry Bus,All Systems Nominal,2113.85,40.65,25.98,35.36,10.1,95,425.12,61.77,0,normal
2026-09-07T08:00:33Z,34,UNIT-0034,M,SENSOR_TELEMETRY_BUS,Standard Vehicle Telemetry Bus,All Systems Nominal,1396.76,40.16,25.1,36.38,10.68,175,294.67,60.0,0,normal
2026-09-07T08:00:34Z,35,UNIT-0035,M,SENSOR_TELEMETRY_BUS,Standard Vehicle Telemetry Bus,All Systems Nominal,1409.68,39.87,26.17,36.22,10.43,43,285.23,61.54,0,normal
2026-09-07T08:00:35Z,36,UNIT-0036,M,SENSOR_VIBRATION_BEARING,Suspension Accelerometer,Rear Left Suspension,1790.57,39.34,25.46,36.17,10.71,84,2963.14,79.57,1,bearing_rumble
2026-09-07T08:00:36Z,37,UNIT-0037,M,SENSOR_VIBRATION_BEARING,Suspension Accelerometer,Rear Left Suspension,1790.45,39.46,25.38,36.19,10.81,84,2963.02,79.56,1,bearing_rumble
2026-09-07T08:00:37Z,38,UNIT-0038,M,SENSOR_VIBRATION_BEARING,Suspension Accelerometer,Rear Left Suspension,1790.44,39.52,25.48,36.05,10.57,84,2963.17,79.57,1,bearing_rumble
2026-09-07T08:00:38Z,39,UNIT-0039,M,SENSOR_TELEMETRY_BUS,Standard Vehicle Telemetry Bus,All Systems Nominal,1800.34,47.61,27.52,38.46,10.39,133,373.38,63.34,0,normal
2026-09-07T08:00:39Z,40,UNIT-0040,M,SENSOR_TELEMETRY_BUS,Standard Vehicle Telemetry Bus,All Systems Nominal,1646.03,48.64,26.73,36.69,9.92,153,342.35,60.66,0,normal
2026-09-07T08:00:40Z,41,UNIT-0041,M,SENSOR_TELEMETRY_BUS,Standard Vehicle Telemetry Bus,All Systems Nominal,1517.93,38.66,26.94,36.98,10.56,36,308.71,61.68,0,normal
2026-09-07T08:00:41Z,42,UNIT-0042,M,SENSOR_TELEMETRY_BUS,Standard Vehicle Telemetry Bus,All Systems Nominal,1393.84,50.88,27.16,36.92,10.07,21,304.69,62.14,0,normal
2026-09-07T08:00:42Z,43,UNIT-0043,M,SENSOR_TELEMETRY_BUS,Standard Vehicle Telemetry Bus,All Systems Nominal,1514.18,42.93,25.29,35.02,10.23,119,301.04,60.92,0,normal
2026-09-07T08:00:43Z,44,UNIT-0044,M,SENSOR_TELEMETRY_BUS,Standard Vehicle Telemetry Bus,All Systems Nominal,1767.62,45.14,26.18,35.86,9.63,129,354.42,62.2,0,normal
2026-09-07T08:00:44Z,45,UNIT-0045,M,SENSOR_TELEMETRY_BUS,Standard Vehicle Telemetry Bus,All Systems Nominal,1780.14,39.0,25.2,33.64,9.53,158,326.06,62.66,0,normal
2026-09-07T08:00:45Z,46,UNIT-0046,M,SENSOR_TELEMETRY_BUS,Standard Vehicle Telemetry Bus,All Systems Nominal,1411.17,46.68,24.88,35.58,10.21,49,289.61,59.76,0,normal
2026-09-07T08:00:46Z,47,UNIT-0047,M,SENSOR_TELEMETRY_BUS,Standard Vehicle Telemetry Bus,All Systems Nominal,1512.42,52.8,24.52,34.49,9.54,99,317.15,63.04,0,normal
2026-09-07T08:00:47Z,48,UNIT-0048,M,SENSOR_TELEMETRY_BUS,Standard Vehicle Telemetry Bus,All Systems Nominal,2257.78,48.45,27.23,36.81,10.4,50,478.76,63.34,0,normal
2026-09-07T08:00:48Z,49,UNIT-0049,M,SENSOR_TELEMETRY_BUS,Standard Vehicle Telemetry Bus,All Systems Nominal,1775.02,48.2,24.84,35.97,10.94,182,380.05,63.96,0,normal
2026-09-07T08:00:49Z,50,UNIT-0050,M,SENSOR_TELEMETRY_BUS,Standard Vehicle Telemetry Bus,All Systems Nominal,1770.24,44.43,26.7,37.31,10.39,102,378.23,62.99,0,normal
2026-09-07T08:00:50Z,51,UNIT-0051,M,SENSOR_TELEMETRY_BUS,Standard Vehicle Telemetry Bus,All Systems Nominal,1421.3,44.44,25.25,35.01,10.23,110,304.98,59.79,0,normal
2026-09-07T08:00:51Z,52,UNIT-0052,M,SENSOR_TELEMETRY_BUS,Standard Vehicle Telemetry Bus,All Systems Nominal,2326.95,41.47,25.87,36.3,9.86,141,456.77,63.81,0,normal
2026-09-07T08:00:52Z,53,UNIT-0053,M,SENSOR_TELEMETRY_BUS,Standard Vehicle Telemetry Bus,All Systems Nominal,1783.51,44.19,25.14,36.08,10.99,160,339.76,63.19,0,normal
2026-09-07T08:00:53Z,54,UNIT-0054,M,SENSOR_TELEMETRY_BUS,Standard Vehicle Telemetry Bus,All Systems Nominal,2280.04,38.03,24.84,34.99,10.23,170,463.74,62.07,0,normal
2026-09-07T08:00:54Z,55,UNIT-0055,M,SENSOR_TELEMETRY_BUS,Standard Vehicle Telemetry Bus,All Systems Nominal,2130.95,38.0,25.0,34.32,9.58,94,426.59,61.25,0,normal
2026-09-07T08:00:55Z,56,UNIT-0056,M,SENSOR_TELEMETRY_BUS,Standard Vehicle Telemetry Bus,All Systems Nominal,1494.1,51.85,24.81,35.54,10.79,49,318.89,61.71,0,normal
2026-09-07T08:00:56Z,57,UNIT-0057,M,SENSOR_TELEMETRY_BUS,Standard Vehicle Telemetry Bus,All Systems Nominal,1516.99,37.76,27.18,37.93,10.41,178,287.3,61.3,0,normal
2026-09-07T08:00:57Z,58,UNIT-0058,M,SENSOR_TELEMETRY_BUS,Standard Vehicle Telemetry Bus,All Systems Nominal,2071.19,50.36,24.38,34.74,10.64,180,406.38,64.84,0,normal
2026-09-07T08:00:58Z,59,UNIT-0059,M,SENSOR_TELEMETRY_BUS,Standard Vehicle Telemetry Bus,All Systems Nominal,1634.46,37.16,25.46,35.72,9.92,136,303.35,59.37,0,normal
2026-09-07T08:00:59Z,60,UNIT-0060,M,SENSOR_TELEMETRY_BUS,Standard Vehicle Telemetry Bus,All Systems Nominal,1525.78,47.26,27.68,37.87,10.74,38,285.5,62.31,0,normal
2026-09-07T08:01:00Z,61,UNIT-0061,M,SENSOR_TORQUE_TRANSDUCER,Drivetrain Torque Sensor,Transmission / Drivetrain,1647.48,63.9,25.98,36.91,10.93,129,2581.08,77.35,1,overstrain_failure
2026-09-07T08:01:01Z,62,UNIT-0062,M,SENSOR_TORQUE_TRANSDUCER,Drivetrain Torque Sensor,Transmission / Drivetrain,1647.52,63.86,25.92,36.96,11.04,129,2581.02,77.2,1,overstrain_failure
2026-09-07T08:01:02Z,63,UNIT-0063,M,SENSOR_TORQUE_TRANSDUCER,Drivetrain Torque Sensor,Transmission / Drivetrain,1647.55,64.01,25.99,36.98,10.99,129,2581.0,77.29,1,overstrain_failure
2026-09-07T08:01:03Z,64,UNIT-0064,M,SENSOR_TELEMETRY_BUS,Standard Vehicle Telemetry Bus,All Systems Nominal,1643.95,38.49,25.84,36.21,10.45,145,345.72,61.29,0,normal
2026-09-07T08:01:04Z,65,UNIT-0065,M,SENSOR_TELEMETRY_BUS,Standard Vehicle Telemetry Bus,All Systems Nominal,2264.66,51.96,27.33,37.75,10.33,136,421.38,64.95,0,normal
2026-09-07T08:01:05Z,66,UNIT-0066,M,SENSOR_TELEMETRY_BUS,Standard Vehicle Telemetry Bus,All Systems Nominal,1778.66,42.74,25.49,35.02,10.04,147,372.24,62.05,0,normal
2026-09-07T08:01:06Z,67,UNIT-0067,M,SENSOR_TELEMETRY_BUS,Standard Vehicle Telemetry Bus,All Systems Nominal,2274.67,46.68,24.83,35.58,9.74,161,447.01,62.92,0,normal
2026-09-07T08:01:07Z,68,UNIT-0068,M,SENSOR_TELEMETRY_BUS,Standard Vehicle Telemetry Bus,All Systems Nominal,2304.72,40.39,27.07,36.75,10.12,143,497.38,63.61,0,normal
2026-09-07T08:01:08Z,69,UNIT-0069,M,SENSOR_TELEMETRY_BUS,Standard Vehicle Telemetry Bus,All Systems Nominal,1664.92,49.34,27.15,37.31,10.01,149,332.41,60.87,0,normal
2026-09-07T08:01:09Z,70,UNIT-0070,M,SENSOR_TELEMETRY_BUS,Standard Vehicle Telemetry Bus,All Systems Nominal,1834.62,40.87,26.03,36.99,10.32,136,373.93,62.74,0,normal
2026-09-07T08:01:10Z,71,UNIT-0071,M,SENSOR_TELEMETRY_BUS,Standard Vehicle Telemetry Bus,All Systems Nominal,1774.95,48.6,26.53,37.7,10.08,189,365.46,62.29,0,normal
2026-09-07T08:01:11Z,72,UNIT-0072,M,SENSOR_TELEMETRY_BUS,Standard Vehicle Telemetry Bus,All Systems Nominal,1775.11,37.53,27.74,36.52,9.52,56,363.27,62.47,0,normal
2026-09-07T08:01:12Z,73,UNIT-0073,M,SENSOR_TELEMETRY_BUS,Standard Vehicle Telemetry Bus,All Systems Nominal,1649.2,49.76,27.21,36.75,10.07,101,341.28,63.26,0,normal
2026-09-07T08:01:13Z,74,UNIT-0074,M,SENSOR_TELEMETRY_BUS,Standard Vehicle Telemetry Bus,All Systems Nominal,1499.71,47.37,25.32,35.2,9.65,182,298.34,60.56,0,normal
2026-09-07T08:01:14Z,75,UNIT-0075,M,SENSOR_TELEMETRY_BUS,Standard Vehicle Telemetry Bus,All Systems Nominal,1826.7,38.6,25.82,37.04,10.35,66,334.42,60.41,0,normal
2026-09-07T08:01:15Z,76,UNIT-0076,M,SENSOR_TELEMETRY_BUS,Standard Vehicle Telemetry Bus,All Systems Nominal,1627.43,43.2,26.34,37.48,10.85,139,350.81,62.21,0,normal
2026-09-07T08:01:16Z,77,UNIT-0077,M,SENSOR_TELEMETRY_BUS,Standard Vehicle Telemetry Bus,All Systems Nominal,1640.69,42.78,25.61,35.71,11.0,143,324.67,61.34,0,normal
2026-09-07T08:01:17Z,78,UNIT-0078,M,SENSOR_TELEMETRY_BUS,Standard Vehicle Telemetry Bus,All Systems Nominal,1418.64,46.14,26.85,36.77,10.62,32,305.35,61.4,0,normal
2026-09-07T08:01:18Z,79,UNIT-0079,M,SENSOR_TELEMETRY_BUS,Standard Vehicle Telemetry Bus,All Systems Nominal,1495.51,46.29,26.04,37.54,10.58,188,296.68,60.47,0,normal
2026-09-07T08:01:19Z,80,UNIT-0080,M,SENSOR_TELEMETRY_BUS,Standard Vehicle Telemetry Bus,All Systems Nominal,1542.89,37.14,25.39,35.68,10.62,64,282.2,62.72,0,normal
2026-09-07T08:01:20Z,81,UNIT-0081,M,SENSOR_TELEMETRY_BUS,Standard Vehicle Telemetry Bus,All Systems Nominal,1818.3,50.63,25.56,36.44,10.81,49,355.02,62.86,0,normal
2026-09-07T08:01:21Z,82,UNIT-0082,M,SENSOR_TELEMETRY_BUS,Standard Vehicle Telemetry Bus,All Systems Nominal,2120.92,41.26,26.74,36.59,9.52,157,399.7,63.04,0,normal
2026-09-07T08:01:22Z,83,UNIT-0083,M,SENSOR_TELEMETRY_BUS,Standard Vehicle Telemetry Bus,All Systems Nominal,1823.32,37.29,26.94,37.36,10.34,176,336.33,61.27,0,normal
2026-09-07T08:01:23Z,84,UNIT-0084,M,SENSOR_TELEMETRY_BUS,Standard Vehicle Telemetry Bus,All Systems Nominal,1661.25,52.69,25.29,34.59,9.85,157,323.04,61.93,0,normal
2026-09-07T08:01:24Z,85,UNIT-0085,M,SENSOR_TELEMETRY_BUS,Standard Vehicle Telemetry Bus,All Systems Nominal,1795.92,47.74,27.38,36.82,10.42,91,347.64,62.41,0,normal
2026-09-07T08:01:25Z,86,UNIT-0086,M,SENSOR_ACOUSTIC_MIC,Acoustic Engine Sensor,Engine / Front Motor,2195.1,37.4,24.95,35.67,10.72,34,2538.67,74.02,1,belt_squeal
2026-09-07T08:01:26Z,87,UNIT-0087,M,SENSOR_ACOUSTIC_MIC,Acoustic Engine Sensor,Engine / Front Motor,2195.03,37.45,24.99,35.64,10.65,34,2538.55,73.95,1,belt_squeal
2026-09-07T08:01:27Z,88,UNIT-0088,M,SENSOR_ACOUSTIC_MIC,Acoustic Engine Sensor,Engine / Front Motor,2195.01,37.34,25.03,35.68,10.65,34,2538.67,73.99,1,belt_squeal
2026-09-07T08:01:28Z,89,UNIT-0089,M,SENSOR_TELEMETRY_BUS,Standard Vehicle Telemetry Bus,All Systems Nominal,1538.15,47.48,26.67,35.67,9.92,57,318.91,63.02,0,normal
2026-09-07T08:01:29Z,90,UNIT-0090,M,SENSOR_TELEMETRY_BUS,Standard Vehicle Telemetry Bus,All Systems Nominal,2098.0,41.87,25.04,34.06,9.58,127,421.16,64.83,0,normal
2026-09-07T08:01:30Z,91,UNIT-0091,M,SENSOR_TELEMETRY_BUS,Standard Vehicle Telemetry Bus,All Systems Nominal,1375.41,47.58,27.12,38.0,10.49,97,278.03,64.13,0,normal
2026-09-07T08:01:31Z,92,UNIT-0092,M,SENSOR_TELEMETRY_BUS,Standard Vehicle Telemetry Bus,All Systems Nominal,1402.71,49.86,25.97,35.23,9.72,52,269.75,62.66,0,normal
2026-09-07T08:01:32Z,93,UNIT-0093,M,SENSOR_TELEMETRY_BUS,Standard Vehicle Telemetry Bus,All Systems Nominal,1397.29,47.9,24.68,35.26,10.48,161,286.37,60.01,0,normal
2026-09-07T08:01:33Z,94,UNIT-0094,M,SENSOR_TELEMETRY_BUS,Standard Vehicle Telemetry Bus,All Systems Nominal,1823.89,40.0,24.86,36.54,10.93,195,388.65,60.94,0,normal
2026-09-07T08:01:34Z,95,UNIT-0095,M,SENSOR_TELEMETRY_BUS,Standard Vehicle Telemetry Bus,All Systems Nominal,2121.02,52.44,26.42,37.38,10.51,125,418.26,64.32,0,normal
2026-09-07T08:01:35Z,96,UNIT-0096,M,SENSOR_TELEMETRY_BUS,Standard Vehicle Telemetry Bus,All Systems Nominal,2067.65,43.53,24.69,35.09,10.22,47,416.52,64.18,0,normal
2026-09-07T08:01:36Z,97,UNIT-0097,M,SENSOR_TELEMETRY_BUS,Standard Vehicle Telemetry Bus,All Systems Nominal,2073.15,46.37,26.23,35.74,9.54,188,411.8,63.73,0,normal
2026-09-07T08:01:37Z,98,UNIT-0098,M,SENSOR_TELEMETRY_BUS,Standard Vehicle Telemetry Bus,All Systems Nominal,2089.6,46.39,24.37,35.05,10.61,27,396.61,64.82,0,normal
2026-09-07T08:01:38Z,99,UNIT-0099,M,SENSOR_TELEMETRY_BUS,Standard Vehicle Telemetry Bus,All Systems Nominal,2095.22,37.19,24.76,34.28,9.74,178,390.57,61.23,0,normal
2026-09-07T08:01:39Z,100,UNIT-0100,M,SENSOR_TELEMETRY_BUS,Standard Vehicle Telemetry Bus,All Systems Nominal,1631.55,44.12,24.9,35.44,10.52,144,345.84,61.96,0,normal
2026-09-07T08:01:40Z,101,UNIT-0101,M,SENSOR_TELEMETRY_BUS,Standard Vehicle Telemetry Bus,All Systems Nominal,1663.44,40.63,25.19,35.54,10.25,130,303.43,62.09,0,normal
2026-09-07T08:01:41Z,102,UNIT-0102,M,SENSOR_TELEMETRY_BUS,Standard Vehicle Telemetry Bus,All Systems Nominal,1411.73,42.77,25.48,34.82,9.62,100,278.04,62.14,0,normal
2026-09-07T08:01:42Z,103,UNIT-0103,M,SENSOR_TELEMETRY_BUS,Standard Vehicle Telemetry Bus,All Systems Nominal,2107.47,43.42,26.46,36.33,10.04,131,426.84,61.98,0,normal
2026-09-07T08:01:43Z,104,UNIT-0104,M,SENSOR_TELEMETRY_BUS,Standard Vehicle Telemetry Bus,All Systems Nominal,1533.82,37.93,26.73,36.31,10.3,69,308.88,59.67,0,normal
2026-09-07T08:01:44Z,105,UNIT-0105,M,SENSOR_TELEMETRY_BUS,Standard Vehicle Telemetry Bus,All Systems Nominal,2121.83,38.33,27.23,36.48,9.61,180,425.48,63.72,0,normal
2026-09-07T08:01:45Z,106,UNIT-0106,M,SENSOR_TELEMETRY_BUS,Standard Vehicle Telemetry Bus,All Systems Nominal,2259.17,41.08,25.62,35.95,10.2,181,432.07,63.63,0,normal
2026-09-07T08:01:46Z,107,UNIT-0107,M,SENSOR_TELEMETRY_BUS,Standard Vehicle Telemetry Bus,All Systems Nominal,1403.04,47.13,27.87,36.99,9.64,172,288.98,61.77,0,normal
2026-09-07T08:01:47Z,108,UNIT-0108,M,SENSOR_TELEMETRY_BUS,Standard Vehicle Telemetry Bus,All Systems Nominal,1639.67,46.27,26.01,36.46,10.94,135,306.18,63.24,0,normal
2026-09-07T08:01:48Z,109,UNIT-0109,M,SENSOR_TELEMETRY_BUS,Standard Vehicle Telemetry Bus,All Systems Nominal,1812.88,43.19,26.47,36.13,10.05,92,349.45,63.45,0,normal
2026-09-07T08:01:49Z,110,UNIT-0110,M,SENSOR_TELEMETRY_BUS,Standard Vehicle Telemetry Bus,All Systems Nominal,1805.96,39.67,26.51,37.85,10.48,174,382.34,61.23,0,normal
2026-09-07T08:01:50Z,111,UNIT-0111,M,SENSOR_WEAR_DISPLACEMENT,Brake Pad Displacement Sensor,Front Left Brake,1381.02,51.89,27.44,38.4,10.96,213,2370.16,73.38,1,tool_wear_failure
2026-09-07T08:01:51Z,112,UNIT-0112,M,SENSOR_WEAR_DISPLACEMENT,Brake Pad Displacement Sensor,Front Left Brake,1381.07,51.85,27.51,38.43,10.92,213,2370.08,73.32,1,tool_wear_failure
2026-09-07T08:01:52Z,113,UNIT-0113,M,SENSOR_WEAR_DISPLACEMENT,Brake Pad Displacement Sensor,Front Left Brake,1380.97,51.74,27.42,38.51,11.09,213,2370.05,73.28,1,tool_wear_failure
2026-09-07T08:01:53Z,114,UNIT-0114,M,SENSOR_TELEMETRY_BUS,Standard Vehicle Telemetry Bus,All Systems Nominal,1374.11,40.33,27.15,36.58,10.26,158,289.78,61.16,0,normal
2026-09-07T08:01:54Z,115,UNIT-0115,M,SENSOR_TELEMETRY_BUS,Standard Vehicle Telemetry Bus,All Systems Nominal,2320.2,49.7,27.05,37.05,9.75,132,454.24,63.32,0,normal
2026-09-07T08:01:55Z,116,UNIT-0116,M,SENSOR_TELEMETRY_BUS,Standard Vehicle Telemetry Bus,All Systems Nominal,1549.45,40.86,26.69,36.95,10.2,69,299.52,63.77,0,normal
2026-09-07T08:01:56Z,117,UNIT-0117,M,SENSOR_TELEMETRY_BUS,Standard Vehicle Telemetry Bus,All Systems Nominal,1546.41,49.44,24.93,34.27,9.88,184,290.58,60.96,0,normal
2026-09-07T08:01:57Z,118,UNIT-0118,M,SENSOR_TELEMETRY_BUS,Standard Vehicle Telemetry Bus,All Systems Nominal,1830.99,50.23,24.84,34.92,10.16,76,368.46,63.32,0,normal
2026-09-07T08:01:58Z,119,UNIT-0119,M,SENSOR_TELEMETRY_BUS,Standard Vehicle Telemetry Bus,All Systems Nominal,1491.93,37.36,27.26,38.56,10.76,186,305.1,59.63,0,normal
2026-09-07T08:01:59Z,120,UNIT-0120,M,SENSOR_TELEMETRY_BUS,Standard Vehicle Telemetry Bus,All Systems Nominal,2102.33,35.24,24.53,34.35,9.88,58,402.92,62.8,0,normal
2026-09-07T08:02:00Z,121,UNIT-0121,M,SENSOR_TELEMETRY_BUS,Standard Vehicle Telemetry Bus,All Systems Nominal,2106.3,43.88,24.63,34.98,10.86,172,415.2,63.78,0,normal
2026-09-07T08:02:01Z,122,UNIT-0122,M,SENSOR_TELEMETRY_BUS,Standard Vehicle Telemetry Bus,All Systems Nominal,1537.41,46.65,24.28,36.25,10.96,37,307.4,61.82,0,normal
2026-09-07T08:02:02Z,123,UNIT-0123,M,SENSOR_TELEMETRY_BUS,Standard Vehicle Telemetry Bus,All Systems Nominal,1623.84,40.26,24.8,34.71,10.68,108,314.88,61.6,0,normal
2026-09-07T08:02:03Z,124,UNIT-0124,M,SENSOR_TELEMETRY_BUS,Standard Vehicle Telemetry Bus,All Systems Nominal,2259.81,39.44,26.79,36.73,10.2,142,444.07,63.43,0,normal
2026-09-07T08:02:04Z,125,UNIT-0125,M,SENSOR_TELEMETRY_BUS,Standard Vehicle Telemetry Bus,All Systems Nominal,1408.23,40.52,25.8,34.88,10.1,159,283.24,58.96,0,normal
2026-09-07T08:02:05Z,126,UNIT-0126,M,SENSOR_TELEMETRY_BUS,Standard Vehicle Telemetry Bus,All Systems Nominal,1662.68,42.65,26.01,35.53,10.16,118,310.09,60.72,0,normal
2026-09-07T08:02:06Z,127,UNIT-0127,M,SENSOR_TELEMETRY_BUS,Standard Vehicle Telemetry Bus,All Systems Nominal,1785.29,45.49,27.2,36.79,10.32,102,342.17,61.97,0,normal
2026-09-07T08:02:07Z,128,UNIT-0128,M,SENSOR_TELEMETRY_BUS,Standard Vehicle Telemetry Bus,All Systems Nominal,2259.28,50.43,25.46,36.57,11.0,90,477.24,64.51,0,normal
2026-09-07T08:02:08Z,129,UNIT-0129,M,SENSOR_TELEMETRY_BUS,Standard Vehicle Telemetry Bus,All Systems Nominal,1408.13,37.97,26.8,36.3,10.67,28,255.82,59.68,0,normal
2026-09-07T08:02:09Z,130,UNIT-0130,M,SENSOR_TELEMETRY_BUS,Standard Vehicle Telemetry Bus,All Systems Nominal,1635.39,43.11,26.28,36.68,10.36,155,325.28,62.21,0,normal
2026-09-07T08:02:10Z,131,UNIT-0131,M,SENSOR_TELEMETRY_BUS,Standard Vehicle Telemetry Bus,All Systems Nominal,1399.51,39.28,25.64,35.38,10.17,176,282.22,61.96,0,normal
2026-09-07T08:02:11Z,132,UNIT-0132,M,SENSOR_TELEMETRY_BUS,Standard Vehicle Telemetry Bus,All Systems Nominal,1402.36,50.12,27.79,38.71,10.98,190,285.6,60.93,0,normal
2026-09-07T08:02:12Z,133,UNIT-0133,M,SENSOR_TELEMETRY_BUS,Standard Vehicle Telemetry Bus,All Systems Nominal,1640.82,44.33,24.83,35.34,9.8,55,307.67,62.95,0,normal
2026-09-07T08:02:13Z,134,UNIT-0134,M,SENSOR_TELEMETRY_BUS,Standard Vehicle Telemetry Bus,All Systems Nominal,1404.19,40.03,27.3,37.43,10.58,154,275.46,60.64,0,normal
2026-09-07T08:02:14Z,135,UNIT-0135,M,SENSOR_TELEMETRY_BUS,Standard Vehicle Telemetry Bus,All Systems Nominal,1520.17,51.15,27.2,37.33,10.46,66,308.54,60.37,0,normal
2026-09-07T08:02:15Z,136,UNIT-0136,M,SENSOR_POWER_INVERTER,HV Battery Monitor,HV Battery Pack,2395.09,12.87,25.28,35.38,10.1,64,841.92,71.21,1,power_failure
2026-09-07T08:02:16Z,137,UNIT-0137,M,SENSOR_POWER_INVERTER,HV Battery Monitor,HV Battery Pack,2395.09,12.88,25.22,35.4,10.18,64,842.03,71.29,1,power_failure
2026-09-07T08:02:17Z,138,UNIT-0138,M,SENSOR_POWER_INVERTER,HV Battery Monitor,HV Battery Pack,2395.02,12.86,25.21,35.46,10.25,64,842.08,71.18,1,power_failure
2026-09-07T08:02:18Z,139,UNIT-0139,M,SENSOR_TELEMETRY_BUS,Standard Vehicle Telemetry Bus,All Systems Nominal,1395.33,37.61,27.34,38.2,10.66,87,279.98,62.42,0,normal
2026-09-07T08:02:19Z,140,UNIT-0140,M,SENSOR_TELEMETRY_BUS,Standard Vehicle Telemetry Bus,All Systems Nominal,1795.65,39.88,26.6,37.19,10.11,136,336.47,61.13,0,normal
2026-09-07T08:02:20Z,141,UNIT-0141,M,SENSOR_TELEMETRY_BUS,Standard Vehicle Telemetry Bus,All Systems Nominal,2276.24,50.63,25.48,35.12,10.1,114,439.9,64.73,0,normal
2026-09-07T08:02:21Z,142,UNIT-0142,M,SENSOR_TELEMETRY_BUS,Standard Vehicle Telemetry Bus,All Systems Nominal,2073.95,41.82,27.93,38.19,10.85,103,453.98,63.79,0,normal
2026-09-07T08:02:22Z,143,UNIT-0143,M,SENSOR_TELEMETRY_BUS,Standard Vehicle Telemetry Bus,All Systems Nominal,1387.76,51.42,26.37,37.22,10.95,75,277.23,59.6,0,normal
2026-09-07T08:02:23Z,144,UNIT-0144,M,SENSOR_TELEMETRY_BUS,Standard Vehicle Telemetry Bus,All Systems Nominal,1403.94,42.11,27.21,37.09,10.59,123,274.72,61.44,0,normal
2026-09-07T08:02:24Z,145,UNIT-0145,M,SENSOR_TELEMETRY_BUS,Standard Vehicle Telemetry Bus,All Systems Nominal,1669.46,48.73,26.83,37.16,10.42,52,338.5,62.32,0,normal
2026-09-07T08:02:25Z,146,UNIT-0146,M,SENSOR_TELEMETRY_BUS,Standard Vehicle Telemetry Bus,All Systems Nominal,2133.02,35.85,25.04,34.93,10.57,141,416.3,61.59,0,normal
2026-09-07T08:02:26Z,147,UNIT-0147,M,SENSOR_TELEMETRY_BUS,Standard Vehicle Telemetry Bus,All Systems Nominal,1670.84,45.14,26.2,36.98,10.26,145,341.13,62.33,0,normal
2026-09-07T08:02:27Z,148,UNIT-0148,M,SENSOR_TELEMETRY_BUS,Standard Vehicle Telemetry Bus,All Systems Nominal,2325.41,50.19,26.62,36.91,10.4,87,462.93,65.74,0,normal
2026-09-07T08:02:28Z,149,UNIT-0149,M,SENSOR_TELEMETRY_BUS,Standard Vehicle Telemetry Bus,All Systems Nominal,2067.23,47.0,25.45,35.87,10.73,82,408.94,64.97,0,normal
2026-09-07T08:02:29Z,150,UNIT-0150,M,SENSOR_TELEMETRY_BUS,Standard Vehicle Telemetry Bus,All Systems Nominal,2105.11,52.24,27.09,37.54,10.6,35,447.76,64.0,0,normal
2026-09-07T08:02:30Z,151,UNIT-0151,M,SENSOR_TELEMETRY_BUS,Standard Vehicle Telemetry Bus,All Systems Nominal,2109.25,40.71,25.3,36.31,10.66,194,413.99,64.8,0,normal
2026-09-07T08:02:31Z,152,UNIT-0152,M,SENSOR_TELEMETRY_BUS,Standard Vehicle Telemetry Bus,All Systems Nominal,1678.62,49.2,26.37,36.59,10.54,145,328.4,61.8,0,normal
2026-09-07T08:02:32Z,153,UNIT-0153,M,SENSOR_TELEMETRY_BUS,Standard Vehicle Telemetry Bus,All Systems Nominal,1769.69,50.34,27.53,38.45,10.71,94,331.93,65.24,0,normal
2026-09-07T08:02:33Z,154,UNIT-0154,M,SENSOR_TELEMETRY_BUS,Standard Vehicle Telemetry Bus,All Systems Nominal,1620.35,52.17,26.3,35.91,9.71,177,326.02,61.58,0,normal
2026-09-07T08:02:34Z,155,UNIT-0155,M,SENSOR_TELEMETRY_BUS,Standard Vehicle Telemetry Bus,All Systems Nominal,1811.01,38.47,26.79,36.54,9.51,160,388.8,60.08,0,normal
2026-09-07T08:02:35Z,156,UNIT-0156,M,SENSOR_TELEMETRY_BUS,Standard Vehicle Telemetry Bus,All Systems Nominal,1673.12,45.05,27.68,36.74,9.63,166,330.08,64.09,0,normal
2026-09-07T08:02:36Z,157,UNIT-0157,M,SENSOR_TELEMETRY_BUS,Standard Vehicle Telemetry Bus,All Systems Nominal,1403.81,50.73,26.19,35.62,10.24,94,309.53,60.91,0,normal
2026-09-07T08:02:37Z,158,UNIT-0158,M,SENSOR_TELEMETRY_BUS,Standard Vehicle Telemetry Bus,All Systems Nominal,1775.7,50.1,24.66,34.72,10.26,89,355.93,62.72,0,normal
2026-09-07T08:02:38Z,159,UNIT-0159,M,SENSOR_TELEMETRY_BUS,Standard Vehicle Telemetry Bus,All Systems Nominal,2101.28,45.63,25.25,35.05,10.42,183,420.23,64.14,0,normal
2026-09-07T08:02:39Z,160,UNIT-0160,M,SENSOR_TELEMETRY_BUS,Standard Vehicle Telemetry Bus,All Systems Nominal,1533.55,35.05,25.81,36.1,10.17,88,308.09,59.18,0,normal
2026-09-07T08:02:40Z,161,UNIT-0161,M,SENSOR_POWER_STEERING,EPS Torque & Current Transducer,Electric Power Steering,1547.46,56.83,25.0,36.03,11.03,39,2437.96,75.22,1,steering_response_failure
2026-09-07T08:02:41Z,162,UNIT-0162,M,SENSOR_POWER_STEERING,EPS Torque & Current Transducer,Electric Power Steering,1547.58,56.81,25.02,35.89,10.87,39,2437.93,75.35,1,steering_response_failure
2026-09-07T08:02:42Z,163,UNIT-0163,M,SENSOR_POWER_STEERING,EPS Torque & Current Transducer,Electric Power Steering,1547.52,56.83,25.01,35.94,10.93,39,2438.03,75.24,1,steering_response_failure
2026-09-07T08:02:43Z,164,UNIT-0164,M,SENSOR_TELEMETRY_BUS,Standard Vehicle Telemetry Bus,All Systems Nominal,1494.35,47.07,25.83,37.04,10.68,154,302.07,62.78,0,normal
2026-09-07T08:02:44Z,165,UNIT-0165,M,SENSOR_TELEMETRY_BUS,Standard Vehicle Telemetry Bus,All Systems Nominal,1495.13,38.66,27.4,37.16,10.16,194,292.59,61.09,0,normal
2026-09-07T08:02:45Z,166,UNIT-0166,M,SENSOR_TELEMETRY_BUS,Standard Vehicle Telemetry Bus,All Systems Nominal,1413.77,45.15,26.04,36.25,9.96,25,263.77,63.53,0,normal
2026-09-07T08:02:46Z,167,UNIT-0167,M,SENSOR_TELEMETRY_BUS,Standard Vehicle Telemetry Bus,All Systems Nominal,1426.79,52.23,25.83,36.55,9.93,66,287.38,63.93,0,normal
2026-09-07T08:02:47Z,168,UNIT-0168,M,SENSOR_TELEMETRY_BUS,Standard Vehicle Telemetry Bus,All Systems Nominal,1772.54,43.25,26.43,36.49,10.49,158,361.83,64.15,0,normal
2026-09-07T08:02:48Z,169,UNIT-0169,M,SENSOR_TELEMETRY_BUS,Standard Vehicle Telemetry Bus,All Systems Nominal,1385.86,51.18,25.66,37.11,10.58,128,287.63,62.22,0,normal
2026-09-07T08:02:49Z,170,UNIT-0170,M,SENSOR_TELEMETRY_BUS,Standard Vehicle Telemetry Bus,All Systems Nominal,2308.64,42.57,26.98,38.18,10.83,24,438.12,61.26,0,normal
2026-09-07T08:02:50Z,171,UNIT-0171,M,SENSOR_TELEMETRY_BUS,Standard Vehicle Telemetry Bus,All Systems Nominal,1780.86,40.74,25.23,36.06,10.8,34,355.02,64.21,0,normal
2026-09-07T08:02:51Z,172,UNIT-0172,M,SENSOR_TELEMETRY_BUS,Standard Vehicle Telemetry Bus,All Systems Nominal,1523.45,41.05,25.16,34.96,10.49,76,305.87,60.74,0,normal
2026-09-07T08:02:52Z,173,UNIT-0173,M,SENSOR_TELEMETRY_BUS,Standard Vehicle Telemetry Bus,All Systems Nominal,1380.36,51.17,27.6,37.79,10.51,154,282.23,61.41,0,normal
2026-09-07T08:02:53Z,174,UNIT-0174,M,SENSOR_TELEMETRY_BUS,Standard Vehicle Telemetry Bus,All Systems Nominal,2266.34,37.72,25.58,35.68,9.59,125,498.91,64.18,0,normal
2026-09-07T08:02:54Z,175,UNIT-0175,M,SENSOR_TELEMETRY_BUS,Standard Vehicle Telemetry Bus,All Systems Nominal,1420.92,43.74,27.27,36.89,9.58,116,288.59,61.65,0,normal
2026-09-07T08:02:55Z,176,UNIT-0176,M,SENSOR_TELEMETRY_BUS,Standard Vehicle Telemetry Bus,All Systems Nominal,1682.97,40.8,26.95,37.2,9.82,68,338.2,61.5,0,normal
2026-09-07T08:02:56Z,177,UNIT-0177,M,SENSOR_TELEMETRY_BUS,Standard Vehicle Telemetry Bus,All Systems Nominal,2101.08,41.14,24.94,36.23,10.2,186,413.14,63.05,0,normal
2026-09-07T08:02:57Z,178,UNIT-0178,M,SENSOR_TELEMETRY_BUS,Standard Vehicle Telemetry Bus,All Systems Nominal,1523.24,42.14,25.97,35.79,10.34,76,304.17,59.25,0,normal
2026-09-07T08:02:58Z,179,UNIT-0179,M,SENSOR_TELEMETRY_BUS,Standard Vehicle Telemetry Bus,All Systems Nominal,2099.04,50.0,26.25,36.42,10.48,195,423.13,64.32,0,normal
2026-09-07T08:02:59Z,180,UNIT-0180,M,SENSOR_TELEMETRY_BUS,Standard Vehicle Telemetry Bus,All Systems Nominal,1521.46,48.49,25.52,37.31,10.88,158,308.99,62.15,0,normal
2026-09-07T08:03:00Z,181,UNIT-0181,M,SENSOR_TELEMETRY_BUS,Standard Vehicle Telemetry Bus,All Systems Nominal,1493.28,49.89,25.63,36.35,10.56,22,297.36,60.9,0,normal
2026-09-07T08:03:01Z,182,UNIT-0182,M,SENSOR_TELEMETRY_BUS,Standard Vehicle Telemetry Bus,All Systems Nominal,2100.19,45.36,24.47,35.44,10.29,90,407.88,63.75,0,normal
2026-09-07T08:03:02Z,183,UNIT-0183,M,SENSOR_TELEMETRY_BUS,Standard Vehicle Telemetry Bus,All Systems Nominal,2089.34,38.17,25.14,36.06,10.29,110,399.44,62.76,0,normal
2026-09-07T08:03:03Z,184,UNIT-0184,M,SENSOR_TELEMETRY_BUS,Standard Vehicle Telemetry Bus,All Systems Nominal,1398.66,46.84,27.29,37.08,10.64,43,285.74,61.55,0,normal
2026-09-07T08:03:04Z,185,UNIT-0185,M,SENSOR_TELEMETRY_BUS,Standard Vehicle Telemetry Bus,All Systems Nominal,1676.48,45.57,27.15,36.38,9.64,155,361.51,61.75,0,normal
2026-09-07T08:03:05Z,186,UNIT-0186,M,SENSOR_TIRE_PRESSURE,TPMS & Wheel Speed Sensor,Front Left Wheel & Tire,1847.46,48.56,26.46,36.84,10.38,109,2771.9,78.14,1,tire_pressure_loss
2026-09-07T08:03:06Z,187,UNIT-0187,M,SENSOR_TIRE_PRESSURE,TPMS & Wheel Speed Sensor,Front Left Wheel & Tire,1847.43,48.61,26.49,36.99,10.5,109,2772.01,78.21,1,tire_pressure_loss
2026-09-07T08:03:07Z,188,UNIT-0188,M,SENSOR_TIRE_PRESSURE,TPMS & Wheel Speed Sensor,Front Left Wheel & Tire,1847.57,48.59,26.43,36.88,10.45,109,2772.06,78.24,1,tire_pressure_loss
2026-09-07T08:03:08Z,189,UNIT-0189,M,SENSOR_TELEMETRY_BUS,Standard Vehicle Telemetry Bus,All Systems Nominal,1405.89,44.31,27.53,37.7,9.58,131,264.62,60.32,0,normal
2026-09-07T08:03:09Z,190,UNIT-0190,M,SENSOR_TELEMETRY_BUS,Standard Vehicle Telemetry Bus,All Systems Nominal,1791.37,44.57,25.36,36.11,10.91,130,332.58,62.12,0,normal
2026-09-07T08:03:10Z,191,UNIT-0191,M,SENSOR_TELEMETRY_BUS,Standard Vehicle Telemetry Bus,All Systems Nominal,1831.89,47.23,26.68,36.42,10.61,101,339.77,61.43,0,normal
2026-09-07T08:03:11Z,192,UNIT-0192,M,SENSOR_TELEMETRY_BUS,Standard Vehicle Telemetry Bus,All Systems Nominal,2123.89,45.86,25.22,35.14,9.54,110,433.99,64.27,0,normal
2026-09-07T08:03:12Z,193,UNIT-0193,M,SENSOR_TELEMETRY_BUS,Standard Vehicle Telemetry Bus,All Systems Nominal,2080.59,49.78,27.05,37.29,10.36,63,417.82,62.59,0,normal
2026-09-07T08:03:13Z,194,UNIT-0194,M,SENSOR_TELEMETRY_BUS,Standard Vehicle Telemetry Bus,All Systems Nominal,1377.99,41.29,27.82,37.66,10.58,146,287.21,60.83,0,normal
2026-09-07T08:03:14Z,195,UNIT-0195,M,SENSOR_TELEMETRY_BUS,Standard Vehicle Telemetry Bus,All Systems Nominal,1638.16,44.2,25.48,36.26,10.74,186,365.21,61.94,0,normal
2026-09-07T08:03:15Z,196,UNIT-0196,M,SENSOR_TELEMETRY_BUS,Standard Vehicle Telemetry Bus,All Systems Nominal,1668.87,47.37,26.85,36.9,10.95,82,339.06,61.01,0,normal
2026-09-07T08:03:16Z,197,UNIT-0197,M,SENSOR_TELEMETRY_BUS,Standard Vehicle Telemetry Bus,All Systems Nominal,2116.2,37.13,27.0,37.46,10.91,73,417.47,62.03,0,normal
2026-09-07T08:03:17Z,198,UNIT-0198,M,SENSOR_TELEMETRY_BUS,Standard Vehicle Telemetry Bus,All Systems Nominal,1518.74,39.8,24.97,35.69,10.13,116,292.5,62.71,0,normal
2026-09-07T08:03:18Z,199,UNIT-0199,M,SENSOR_TELEMETRY_BUS,Standard Vehicle Telemetry Bus,All Systems Nominal,1660.87,46.28,27.06,37.42,10.39,41,318.96,61.96,0,normal
2026-09-07T08:03:19Z,200,UNIT-0200,M,SENSOR_TELEMETRY_BUS,Standard Vehicle Telemetry Bus,All Systems Nominal,1653.83,52.03,25.5,35.13,9.52,86,317.72,64.06,0,normal
2026-09-07T08:03:20Z,201,UNIT-0201,M,SENSOR_TELEMETRY_BUS,Standard Vehicle Telemetry Bus,All Systems Nominal,2261.9,44.88,25.77,34.86,9.54,46,444.71,65.84,0,normal
2026-09-07T08:03:21Z,202,UNIT-0202,M,SENSOR_TELEMETRY_BUS,Standard Vehicle Telemetry Bus,All Systems Nominal,2126.06,42.72,26.29,36.3,10.16,135,420.11,61.76,0,normal
2026-09-07T08:03:22Z,203,UNIT-0203,M,SENSOR_TELEMETRY_BUS,Standard Vehicle Telemetry Bus,All Systems Nominal,2327.39,40.21,24.71,34.98,9.74,163,452.33,63.8,0,normal
2026-09-07T08:03:23Z,204,UNIT-0204,M,SENSOR_TELEMETRY_BUS,Standard Vehicle Telemetry Bus,All Systems Nominal,1538.77,42.06,25.38,35.82,9.51,74,283.05,61.87,0,normal
2026-09-07T08:03:24Z,205,UNIT-0205,M,SENSOR_TELEMETRY_BUS,Standard Vehicle Telemetry Bus,All Systems Nominal,1792.26,36.95,26.36,36.68,10.23,183,340.96,61.73,0,normal
2026-09-07T08:03:25Z,206,UNIT-0206,M,SENSOR_TELEMETRY_BUS,Standard Vehicle Telemetry Bus,All Systems Nominal,1629.08,51.29,26.28,36.66,10.51,100,303.3,61.91,0,normal
2026-09-07T08:03:26Z,207,UNIT-0207,M,SENSOR_TELEMETRY_BUS,Standard Vehicle Telemetry Bus,All Systems Nominal,1498.13,43.3,26.06,36.33,10.88,64,301.88,60.39,0,normal
2026-09-07T08:03:27Z,208,UNIT-0208,M,SENSOR_TELEMETRY_BUS,Standard Vehicle Telemetry Bus,All Systems Nominal,1514.87,39.92,25.64,35.39,10.34,187,289.55,62.24,0,normal
2026-09-07T08:03:28Z,209,UNIT-0209,M,SENSOR_TELEMETRY_BUS,Standard Vehicle Telemetry Bus,All Systems Nominal,1649.69,36.55,25.25,34.78,9.93,137,334.03,63.12,0,normal
2026-09-07T08:03:29Z,210,UNIT-0210,M,SENSOR_TELEMETRY_BUS,Standard Vehicle Telemetry Bus,All Systems Nominal,2119.82,49.62,24.38,35.73,10.58,159,389.58,63.1,0,normal
2026-09-07T08:03:30Z,211,UNIT-0211,M,SENSOR_TELEMETRY_BUS,Standard Vehicle Telemetry Bus,All Systems Nominal,1410.59,43.96,27.6,38.04,10.66,80,271.52,62.61,0,normal
2026-09-07T08:03:31Z,212,UNIT-0212,M,SENSOR_TELEMETRY_BUS,Standard Vehicle Telemetry Bus,All Systems Nominal,1532.41,48.27,25.97,37.03,10.3,172,320.44,62.14,0,normal
2026-09-07T08:03:32Z,213,UNIT-0213,M,SENSOR_TELEMETRY_BUS,Standard Vehicle Telemetry Bus,All Systems Nominal,1379.11,39.01,26.48,37.18,10.12,35,309.54,62.35,0,normal
2026-09-07T08:03:33Z,214,UNIT-0214,M,SENSOR_TELEMETRY_BUS,Standard Vehicle Telemetry Bus,All Systems Nominal,2312.29,43.25,24.52,35.4,10.45,180,446.47,64.61,0,normal
2026-09-07T08:03:34Z,215,UNIT-0215,M,SENSOR_TELEMETRY_BUS,Standard Vehicle Telemetry Bus,All Systems Nominal,1660.83,42.91,25.51,36.39,10.37,43,329.63,61.63,0,normal
2026-09-07T08:03:35Z,216,UNIT-0216,M,SENSOR_TELEMETRY_BUS,Standard Vehicle Telemetry Bus,All Systems Nominal,1519.11,43.5,25.65,34.75,9.93,160,294.8,62.5,0,normal
2026-09-07T08:03:36Z,217,UNIT-0217,M,SENSOR_TELEMETRY_BUS,Standard Vehicle Telemetry Bus,All Systems Nominal,1778.57,36.67,26.89,37.25,9.74,136,328.41,63.99,0,normal
2026-09-07T08:03:37Z,218,UNIT-0218,M,SENSOR_TELEMETRY_BUS,Standard Vehicle Telemetry Bus,All Systems Nominal,1643.16,37.06,25.79,34.83,9.62,190,351.58,60.69,0,normal
2026-09-07T08:03:38Z,219,UNIT-0219,M,SENSOR_TELEMETRY_BUS,Standard Vehicle Telemetry Bus,All Systems Nominal,1410.95,40.16,25.22,35.02,10.39,152,276.64,58.28,0,normal
2026-09-07T08:03:39Z,220,UNIT-0220,M,SENSOR_TELEMETRY_BUS,Standard Vehicle Telemetry Bus,All Systems Nominal,1819.69,38.0,26.52,37.29,9.65,114,361.8,60.57,0,normal
2026-09-07T08:03:40Z,221,UNIT-0221,M,SENSOR_TELEMETRY_BUS,Standard Vehicle Telemetry Bus,All Systems Nominal,1395.06,46.28,25.35,34.44,10.03,74,273.71,61.01,0,normal
2026-09-07T08:03:41Z,222,UNIT-0222,M,SENSOR_TELEMETRY_BUS,Standard Vehicle Telemetry Bus,All Systems Nominal,2078.85,47.97,25.78,35.39,10.14,55,427.99,62.98,0,normal
2026-09-07T08:03:42Z,223,UNIT-0223,M,SENSOR_TELEMETRY_BUS,Standard Vehicle Telemetry Bus,All Systems Nominal,2259.02,51.21,25.57,35.52,10.41,68,451.7,64.0,0,normal
2026-09-07T08:03:43Z,224,UNIT-0224,M,SENSOR_TELEMETRY_BUS,Standard Vehicle Telemetry Bus,All Systems Nominal,2130.31,37.29,27.02,36.95,9.52,112,448.89,62.52,0,normal
2026-09-07T08:03:44Z,225,UNIT-0225,M,SENSOR_TELEMETRY_BUS,Standard Vehicle Telemetry Bus,All Systems Nominal,1394.29,35.8,24.91,34.97,9.89,30,294.63,61.46,0,normal
2026-09-07T08:03:45Z,226,UNIT-0226,M,SENSOR_TELEMETRY_BUS,Standard Vehicle Telemetry Bus,All Systems Nominal,2343.64,43.66,26.17,36.39,9.92,99,454.87,65.59,0,normal
2026-09-07T08:03:46Z,227,UNIT-0227,M,SENSOR_TELEMETRY_BUS,Standard Vehicle Telemetry Bus,All Systems Nominal,2293.97,36.95,26.71,36.91,10.59,81,452.99,62.39,0,normal
2026-09-07T08:03:47Z,228,UNIT-0228,M,SENSOR_TELEMETRY_BUS,Standard Vehicle Telemetry Bus,All Systems Nominal,1415.85,36.68,24.58,33.91,9.52,147,306.48,59.84,0,normal
2026-09-07T08:03:48Z,229,UNIT-0229,M,SENSOR_TELEMETRY_BUS,Standard Vehicle Telemetry Bus,All Systems Nominal,1426.6,48.71,24.58,35.31,10.71,89,268.51,61.98,0,normal
2026-09-07T08:03:49Z,230,UNIT-0230,M,SENSOR_TELEMETRY_BUS,Standard Vehicle Telemetry Bus,All Systems Nominal,1534.64,40.63,25.63,34.24,9.65,166,296.88,59.87,0,normal
2026-09-07T08:03:50Z,231,UNIT-0231,M,SENSOR_TELEMETRY_BUS,Standard Vehicle Telemetry Bus,All Systems Nominal,1514.91,39.38,27.13,36.31,9.55,187,296.97,60.5,0,normal
2026-09-07T08:03:51Z,232,UNIT-0232,M,SENSOR_TELEMETRY_BUS,Standard Vehicle Telemetry Bus,All Systems Nominal,1387.81,39.67,26.73,37.97,10.97,122,249.87,59.87,0,normal
2026-09-07T08:03:52Z,233,UNIT-0233,M,SENSOR_TELEMETRY_BUS,Standard Vehicle Telemetry Bus,All Systems Nominal,2122.9,47.66,27.15,36.96,9.86,114,412.9,62.54,0,normal
2026-09-07T08:03:53Z,234,UNIT-0234,M,SENSOR_TELEMETRY_BUS,Standard Vehicle Telemetry Bus,All Systems Nominal,1811.33,37.14,26.36,36.0,10.45,22,379.13,59.37,0,normal
2026-09-07T08:03:54Z,235,UNIT-0235,M,SENSOR_TELEMETRY_BUS,Standard Vehicle Telemetry Bus,All Systems Nominal,1828.6,51.44,27.64,36.94,9.71,91,360.01,63.53,0,normal
2026-09-07T08:03:55Z,236,UNIT-0236,M,SENSOR_TELEMETRY_BUS,Standard Vehicle Telemetry Bus,All Systems Nominal,1426.0,43.39,26.16,36.23,10.09,171,291.2,61.59,0,normal
2026-09-07T08:03:56Z,237,UNIT-0237,M,SENSOR_TELEMETRY_BUS,Standard Vehicle Telemetry Bus,All Systems Nominal,2264.03,40.24,25.81,35.44,9.85,71,428.51,63.94,0,normal
2026-09-07T08:03:57Z,238,UNIT-0238,M,SENSOR_TELEMETRY_BUS,Standard Vehicle Telemetry Bus,All Systems Nominal,1539.84,43.74,25.41,37.16,10.78,43,285.3,61.08,0,normal
2026-09-07T08:03:58Z,239,UNIT-0239,M,SENSOR_TELEMETRY_BUS,Standard Vehicle Telemetry Bus,All Systems Nominal,1491.49,51.2,25.64,35.61,9.57,96,287.04,63.9,0,normal
2026-09-07T08:03:59Z,240,UNIT-0240,M,SENSOR_TELEMETRY_BUS,Standard Vehicle Telemetry Bus,All Systems Nominal,1512.23,38.24,24.83,35.47,10.67,76,282.23,62.67,0,normal
